danceability,energy,key,loudness,mode,speechiness,acousticness,instrumentalness,liveness,valence,tempo,type,id,uri,track_href,analysis_url,duration_ms,time_signature,
0.286,0.703,4,-4.491,0,0.0348,0.00847,0,0.142,0.259,151.297,audio_features,7Hr1Ignop7cymbE3FbOtXa,spotify:track:7Hr1Ignop7cymbE3FbOtXa,https://api.spotify.com/v1/tracks/7Hr1Ignop7cymbE3FbOtXa,https://api.spotify.com/v1/audio-analysis/7Hr1Ignop7cymbE3FbOtXa,326813,4,
0.539,0.926,2,-6.495,1,0.0499,0.014,0,0.36,0.454,136.279,audio_features,1VuBmEauSZywQVtqbxNqka,spotify:track:1VuBmEauSZywQVtqbxNqka,https://api.spotify.com/v1/tracks/1VuBmEauSZywQVtqbxNqka,https://api.spotify.com/v1/audio-analysis/1VuBmEauSZywQVtqbxNqka,246400,4,
0.508,0.471,0,-10.718,0,0.0385,0.783,0,0.25,0.117,81.995,audio_features,4NU4ZK3ncM05KPUc8JSuQ5,spotify:track:4NU4ZK3ncM05KPUc8JSuQ5,https://api.spotify.com/v1/tracks/4NU4ZK3ncM05KPUc8JSuQ5,https://api.spotify.com/v1/audio-analysis/4NU4ZK3ncM05KPUc8JSuQ5,131715,4,
0.402,0.845,2,-6.459,1,0.0319,0.000676,0,0.158,0.686,174.727,audio_features,4yBiZFLXn0n9AUJ5sWO88k,spotify:track:4yBiZFLXn0n9AUJ5sWO88k,https://api.spotify.com/v1/tracks/4yBiZFLXn0n9AUJ5sWO88k,https://api.spotify.com/v1/audio-analysis/4yBiZFLXn0n9AUJ5sWO88k,258717,4,
0.286,0.703,4,-4.491,0,0.0348,0.00847,0,0.142,0.259,151.297,audio_features,7Hr1Ignop7cymbE3FbOtXa,spotify:track:7Hr1Ignop7cymbE3FbOtXa,https://api.spotify.com/v1/tracks/7Hr1Ignop7cymbE3FbOtXa,https://api.spotify.com/v1/audio-analysis/7Hr1Ignop7cymbE3FbOtXa,326813,4,
0.68,0.578,10,-5.804,1,0.04,0.331,0,0.135,0.341,145.038,audio_features,7dt6x5M1jzdTEt8oCbisTK,spotify:track:7dt6x5M1jzdTEt8oCbisTK,https://api.spotify.com/v1/tracks/7dt6x5M1jzdTEt8oCbisTK,https://api.spotify.com/v1/audio-analysis/7dt6x5M1jzdTEt8oCbisTK,231267,4,
0.292,0.0322,5,-25.073,1,0.0442,0.993,0,0.117,0.132,168.631,audio_features,2SlARTbg8VmWVF4cG7imB8,spotify:track:2SlARTbg8VmWVF4cG7imB8,https://api.spotify.com/v1/tracks/2SlARTbg8VmWVF4cG7imB8,https://api.spotify.com/v1/audio-analysis/2SlARTbg8VmWVF4cG7imB8,128331,3,
0.612,0.807,10,-2.81,1,0.0336,0.0495,0,0.101,0.398,124.053,audio_features,2QjOHCTQ1Jl3zawyYOpxh6,spotify:track:2QjOHCTQ1Jl3zawyYOpxh6,https://api.spotify.com/v1/tracks/2QjOHCTQ1Jl3zawyYOpxh6,https://api.spotify.com/v1/audio-analysis/2QjOHCTQ1Jl3zawyYOpxh6,240400,4,
0.433,0.959,9,-4.04,1,0.0431,0.000917,0,0.028,0.365,172.984,audio_features,7x8dCjCr0x6x2lXKujYD34,spotify:track:7x8dCjCr0x6x2lXKujYD34,https://api.spotify.com/v1/tracks/7x8dCjCr0x6x2lXKujYD34,https://api.spotify.com/v1/audio-analysis/7x8dCjCr0x6x2lXKujYD34,269373,4,
0.588,0.856,9,-5.242,0,0.0316,0.000818,0,0.238,0.635,96.966,audio_features,7v4ziK63yNqkfHh8S3ZSR3,spotify:track:7v4ziK63yNqkfHh8S3ZSR3,https://api.spotify.com/v1/tracks/7v4ziK63yNqkfHh8S3ZSR3,https://api.spotify.com/v1/audio-analysis/7v4ziK63yNqkfHh8S3ZSR3,175044,4,
0.784,0.0752,6,-13.934,0,0.142,0.928,0,0.105,0.476,81.97,audio_features,2qOe8xGW1mKROLBK0o4kuR,spotify:track:2qOe8xGW1mKROLBK0o4kuR,https://api.spotify.com/v1/tracks/2qOe8xGW1mKROLBK0o4kuR,https://api.spotify.com/v1/audio-analysis/2qOe8xGW1mKROLBK0o4kuR,110709,4,
0.645,0.792,4,-7.34,0,0.036,0.0562,0,0.119,0.666,90.565,audio_features,7nnWIPM5hwE3DaUBkvOIpy,spotify:track:7nnWIPM5hwE3DaUBkvOIpy,https://api.spotify.com/v1/tracks/7nnWIPM5hwE3DaUBkvOIpy,https://api.spotify.com/v1/audio-analysis/7nnWIPM5hwE3DaUBkvOIpy,232453,4,
0.223,0.805,8,-8.969,1,0.037,0.000179,0,0.0849,0.25,168.165,audio_features,06WUUNf7q18NZfjIsQFsfa,spotify:track:06WUUNf7q18NZfjIsQFsfa,https://api.spotify.com/v1/tracks/06WUUNf7q18NZfjIsQFsfa,https://api.spotify.com/v1/audio-analysis/06WUUNf7q18NZfjIsQFsfa,115413,4,
0.63,0.804,6,-4.183,1,0.0363,0.215,0,0.253,0.492,123.146,audio_features,3a1lNhkSLSkpJE4MSHpDu9,spotify:track:3a1lNhkSLSkpJE4MSHpDu9,https://api.spotify.com/v1/tracks/3a1lNhkSLSkpJE4MSHpDu9,https://api.spotify.com/v1/audio-analysis/3a1lNhkSLSkpJE4MSHpDu9,220293,4,
0.756,0.631,8,-9.512,0,0.0505,0.117,0,0.0809,0.938,154.003,audio_features,2LzPtYMEj4S44yoBVU7ccu,spotify:track:2LzPtYMEj4S44yoBVU7ccu,https://api.spotify.com/v1/tracks/2LzPtYMEj4S44yoBVU7ccu,https://api.spotify.com/v1/audio-analysis/2LzPtYMEj4S44yoBVU7ccu,108117,4,
0.566,0.815,9,-4.481,0,0.14,0.0737,0,0.12,0.672,169.961,audio_features,5cY8y2XgOfkAh4kSWLFKkz,spotify:track:5cY8y2XgOfkAh4kSWLFKkz,https://api.spotify.com/v1/tracks/5cY8y2XgOfkAh4kSWLFKkz,https://api.spotify.com/v1/audio-analysis/5cY8y2XgOfkAh4kSWLFKkz,185587,4,
0.58,0.916,3,-4.358,0,0.0387,0.000297,0,0.126,0.683,118.004,audio_features,5anCkDvJ17aznvK5TED5uo,spotify:track:5anCkDvJ17aznvK5TED5uo,https://api.spotify.com/v1/tracks/5anCkDvJ17aznvK5TED5uo,https://api.spotify.com/v1/audio-analysis/5anCkDvJ17aznvK5TED5uo,305907,4,
0.68,0.578,10,-5.804,1,0.04,0.331,0,0.135,0.341,145.038,audio_features,7dt6x5M1jzdTEt8oCbisTK,spotify:track:7dt6x5M1jzdTEt8oCbisTK,https://api.spotify.com/v1/tracks/7dt6x5M1jzdTEt8oCbisTK,https://api.spotify.com/v1/audio-analysis/7dt6x5M1jzdTEt8oCbisTK,231267,4,
0.793,0.575,8,-11.019,1,0.135,0.298,0,0.11,0.746,135.435,audio_features,6pan2rDVvM8Z0c70szJryt,spotify:track:6pan2rDVvM8Z0c70szJryt,https://api.spotify.com/v1/tracks/6pan2rDVvM8Z0c70szJryt,https://api.spotify.com/v1/audio-analysis/6pan2rDVvM8Z0c70szJryt,153623,4,
0.288,0.758,6,-5.692,0,0.0371,0.00616,0,0.303,0.619,97.094,audio_features,2AT8iROs4FQueDv2c8q2KE,spotify:track:2AT8iROs4FQueDv2c8q2KE,https://api.spotify.com/v1/tracks/2AT8iROs4FQueDv2c8q2KE,https://api.spotify.com/v1/audio-analysis/2AT8iROs4FQueDv2c8q2KE,201726,4,
0.776,0.78,10,-4.374,0,0.128,0.0622,0,0.081,0.666,124.949,audio_features,0pqnGHJpmpxLKifKRmU6WP,spotify:track:0pqnGHJpmpxLKifKRmU6WP,https://api.spotify.com/v1/tracks/0pqnGHJpmpxLKifKRmU6WP,https://api.spotify.com/v1/audio-analysis/0pqnGHJpmpxLKifKRmU6WP,204347,4,
0.825,0.483,8,-5.746,0,0.08,0.538,0,0.204,0.892,139.98,audio_features,2ZlCGeK30BLRNSPC832pNZ,spotify:track:2ZlCGeK30BLRNSPC832pNZ,https://api.spotify.com/v1/tracks/2ZlCGeK30BLRNSPC832pNZ,https://api.spotify.com/v1/audio-analysis/2ZlCGeK30BLRNSPC832pNZ,219933,4,
0.675,0.175,6,-13.281,1,0.0596,0.891,0,0.11,0.387,69.027,audio_features,0X8GS74ebF546MbFebv6tx,spotify:track:0X8GS74ebF546MbFebv6tx,https://api.spotify.com/v1/tracks/0X8GS74ebF546MbFebv6tx,https://api.spotify.com/v1/audio-analysis/0X8GS74ebF546MbFebv6tx,125652,4,
0.758,0.732,5,-5.511,0,0.051,0.489,0,0.13,0.924,90.038,audio_features,3oqC4Ta40ft6NnTJwcUTdi,spotify:track:3oqC4Ta40ft6NnTJwcUTdi,https://api.spotify.com/v1/tracks/3oqC4Ta40ft6NnTJwcUTdi,https://api.spotify.com/v1/audio-analysis/3oqC4Ta40ft6NnTJwcUTdi,185333,4,
0.808,0.745,10,-5.26,0,0.342,0.145,0,0.292,0.829,165.995,audio_features,7FIWs0pqAYbP91WWM0vlTQ,spotify:track:7FIWs0pqAYbP91WWM0vlTQ,https://api.spotify.com/v1/tracks/7FIWs0pqAYbP91WWM0vlTQ,https://api.spotify.com/v1/audio-analysis/7FIWs0pqAYbP91WWM0vlTQ,210800,4,
0.76,0.479,2,-5.574,1,0.0466,0.556,0,0.0703,0.913,89.911,audio_features,3KkXRkHbMCARz0aVfEt68P,spotify:track:3KkXRkHbMCARz0aVfEt68P,https://api.spotify.com/v1/tracks/3KkXRkHbMCARz0aVfEt68P,https://api.spotify.com/v1/audio-analysis/3KkXRkHbMCARz0aVfEt68P,158040,4,
0.551,0.44,10,-8.559,1,0.0985,0.606,0,0.11,0.341,167.923,audio_features,5kfNriitmkNE8mUbZ7gbq8,spotify:track:5kfNriitmkNE8mUbZ7gbq8,https://api.spotify.com/v1/tracks/5kfNriitmkNE8mUbZ7gbq8,https://api.spotify.com/v1/audio-analysis/5kfNriitmkNE8mUbZ7gbq8,210667,4,
0.726,0.431,8,-8.765,0,0.135,0.731,0,0.696,0.348,144.026,audio_features,7eJMfftS33KTjuF7lTsMCx,spotify:track:7eJMfftS33KTjuF7lTsMCx,https://api.spotify.com/v1/tracks/7eJMfftS33KTjuF7lTsMCx,https://api.spotify.com/v1/audio-analysis/7eJMfftS33KTjuF7lTsMCx,173333,4,
0.394,0.944,10,-6.506,0,0.0761,0.00178,0,0.298,0.265,105.338,audio_features,6QewNVIDKdSl8Y3ycuHIei,spotify:track:6QewNVIDKdSl8Y3ycuHIei,https://api.spotify.com/v1/tracks/6QewNVIDKdSl8Y3ycuHIei,https://api.spotify.com/v1/audio-analysis/6QewNVIDKdSl8Y3ycuHIei,292581,4,
0.782,0.685,4,-6.237,1,0.0309,0.166,0,0.16,0.603,118.016,audio_features,7vFoFDWqTX0mHzLfrF1Cfy,spotify:track:7vFoFDWqTX0mHzLfrF1Cfy,https://api.spotify.com/v1/tracks/7vFoFDWqTX0mHzLfrF1Cfy,https://api.spotify.com/v1/audio-analysis/7vFoFDWqTX0mHzLfrF1Cfy,180566,4,
0.766,0.622,5,-5.292,0,0.101,0.0639,0,0.207,0.679,140.076,audio_features,2ZIZXWnU52s0C75sPYiwvh,spotify:track:2ZIZXWnU52s0C75sPYiwvh,https://api.spotify.com/v1/tracks/2ZIZXWnU52s0C75sPYiwvh,https://api.spotify.com/v1/audio-analysis/2ZIZXWnU52s0C75sPYiwvh,191493,4,
0.775,0.327,11,-7.241,1,0.0557,0.841,0,0.0821,0.595,91.05,audio_features,4cktbXiXOapiLBMprHFErI,spotify:track:4cktbXiXOapiLBMprHFErI,https://api.spotify.com/v1/tracks/4cktbXiXOapiLBMprHFErI,https://api.spotify.com/v1/audio-analysis/4cktbXiXOapiLBMprHFErI,189486,4,
0.331,0.943,4,-3.188,0,0.0698,0.00721,0,0.242,0.296,94.612,audio_features,0COqiPhxzoWICwFCS4eZcp,spotify:track:0COqiPhxzoWICwFCS4eZcp,https://api.spotify.com/v1/tracks/0COqiPhxzoWICwFCS4eZcp,https://api.spotify.com/v1/audio-analysis/0COqiPhxzoWICwFCS4eZcp,235893,4,
0.611,0.462,0,-7.054,1,0.0646,0.558,0,0.131,0.377,59.635,audio_features,7npLlaPu9Mfno8hjk5OagD,spotify:track:7npLlaPu9Mfno8hjk5OagD,https://api.spotify.com/v1/tracks/7npLlaPu9Mfno8hjk5OagD,https://api.spotify.com/v1/audio-analysis/7npLlaPu9Mfno8hjk5OagD,215230,4,
0.439,0.303,3,-10.839,1,0.0422,0.839,0,0.071,0.268,139.475,audio_features,02JIdsrod3BYucThfUFDUX,spotify:track:02JIdsrod3BYucThfUFDUX,https://api.spotify.com/v1/tracks/02JIdsrod3BYucThfUFDUX,https://api.spotify.com/v1/audio-analysis/02JIdsrod3BYucThfUFDUX,170787,3,
0.764,0.705,3,-5.279,0,0.0278,0.0371,0,0.0943,0.672,101.003,audio_features,0y60itmpH0aPKsFiGxmtnh,spotify:track:0y60itmpH0aPKsFiGxmtnh,https://api.spotify.com/v1/tracks/0y60itmpH0aPKsFiGxmtnh,https://api.spotify.com/v1/audio-analysis/0y60itmpH0aPKsFiGxmtnh,196520,4,
0.496,0.863,9,-4.153,1,0.0381,0.0046,0,0.639,0.243,110.018,audio_features,2nLtzopw4rPReszdYBJU6h,spotify:track:2nLtzopw4rPReszdYBJU6h,https://api.spotify.com/v1/tracks/2nLtzopw4rPReszdYBJU6h,https://api.spotify.com/v1/audio-analysis/2nLtzopw4rPReszdYBJU6h,185587,4,
0.825,0.652,1,-3.183,0,0.0802,0.581,0,0.0931,0.931,95.977,audio_features,7qiZfU4dY1lWllzX7mPBI3,spotify:track:7qiZfU4dY1lWllzX7mPBI3,https://api.spotify.com/v1/tracks/7qiZfU4dY1lWllzX7mPBI3,https://api.spotify.com/v1/audio-analysis/7qiZfU4dY1lWllzX7mPBI3,233713,4,
0.766,0.622,5,-5.292,0,0.101,0.0639,0,0.207,0.679,140.076,audio_features,2ZIZXWnU52s0C75sPYiwvh,spotify:track:2ZIZXWnU52s0C75sPYiwvh,https://api.spotify.com/v1/tracks/2ZIZXWnU52s0C75sPYiwvh,https://api.spotify.com/v1/audio-analysis/2ZIZXWnU52s0C75sPYiwvh,191493,4,
0.579,0.508,2,-9.484,1,0.027,0.00574,0,0.0575,0.609,147.125,audio_features,40riOy7x9W7GXjyGp4pjAv,spotify:track:40riOy7x9W7GXjyGp4pjAv,https://api.spotify.com/v1/tracks/40riOy7x9W7GXjyGp4pjAv,https://api.spotify.com/v1/audio-analysis/40riOy7x9W7GXjyGp4pjAv,391376,4,
0.466,0.833,7,-4.215,1,0.304,0.0266,0,0.0327,0.661,88.785,audio_features,59WN2psjkt1tyaxjspN8fp,spotify:track:59WN2psjkt1tyaxjspN8fp,https://api.spotify.com/v1/tracks/59WN2psjkt1tyaxjspN8fp,https://api.spotify.com/v1/audio-analysis/59WN2psjkt1tyaxjspN8fp,313573,4,
0.779,0.516,10,-6.467,0,0.0521,0.148,0,0.0492,0.715,120.026,audio_features,48XkVAagIoQHCsOlJtXUd5,spotify:track:48XkVAagIoQHCsOlJtXUd5,https://api.spotify.com/v1/tracks/48XkVAagIoQHCsOlJtXUd5,https://api.spotify.com/v1/audio-analysis/48XkVAagIoQHCsOlJtXUd5,247787,4,
0.484,0.039,0,-28.557,1,0.048,0.991,0,0.133,0.118,112.814,audio_features,4cmE5SPvjKEzIHzhrLq9jO,spotify:track:4cmE5SPvjKEzIHzhrLq9jO,https://api.spotify.com/v1/tracks/4cmE5SPvjKEzIHzhrLq9jO,https://api.spotify.com/v1/audio-analysis/4cmE5SPvjKEzIHzhrLq9jO,197500,4,
0.402,0.0982,5,-19.814,0,0.0401,0.356,0,0.358,0.191,141.54,audio_features,56UsciEGCYrmCTSI3veuvC,spotify:track:56UsciEGCYrmCTSI3veuvC,https://api.spotify.com/v1/tracks/56UsciEGCYrmCTSI3veuvC,https://api.spotify.com/v1/audio-analysis/56UsciEGCYrmCTSI3veuvC,464040,3,
0.541,0.96,0,-2.947,0,0.0505,0.0663,0,0.344,0.812,122.803,audio_features,0rmGAIH9LNJewFw7nKzZnc,spotify:track:0rmGAIH9LNJewFw7nKzZnc,https://api.spotify.com/v1/tracks/0rmGAIH9LNJewFw7nKzZnc,https://api.spotify.com/v1/audio-analysis/0rmGAIH9LNJewFw7nKzZnc,222707,4,
0.775,0.327,11,-7.241,1,0.0557,0.841,0,0.0821,0.595,91.05,audio_features,4cktbXiXOapiLBMprHFErI,spotify:track:4cktbXiXOapiLBMprHFErI,https://api.spotify.com/v1/tracks/4cktbXiXOapiLBMprHFErI,https://api.spotify.com/v1/audio-analysis/4cktbXiXOapiLBMprHFErI,189486,4,
0.479,0.0235,5,-26.168,1,0.0381,0.924,0,0.124,0.245,121.199,audio_features,5ErJuPKvaeopdg17OqmN8k,spotify:track:5ErJuPKvaeopdg17OqmN8k,https://api.spotify.com/v1/tracks/5ErJuPKvaeopdg17OqmN8k,https://api.spotify.com/v1/audio-analysis/5ErJuPKvaeopdg17OqmN8k,82307,4,
0.601,0.741,2,-5.569,1,0.0478,0.185,0,0.415,0.441,153.96,audio_features,6I3mqTwhRpn34SLVafSH7G,spotify:track:6I3mqTwhRpn34SLVafSH7G,https://api.spotify.com/v1/tracks/6I3mqTwhRpn34SLVafSH7G,https://api.spotify.com/v1/audio-analysis/6I3mqTwhRpn34SLVafSH7G,153190,4,
0.728,0.783,11,-4.424,0,0.266,0.237,0,0.434,0.555,77.011,audio_features,1r9xUipOqoNwggBpENDsvJ,spotify:track:1r9xUipOqoNwggBpENDsvJ,https://api.spotify.com/v1/tracks/1r9xUipOqoNwggBpENDsvJ,https://api.spotify.com/v1/audio-analysis/1r9xUipOqoNwggBpENDsvJ,173381,4,
0.782,0.828,10,-4.22,1,0.0428,0.0361,0,0.142,0.839,141.872,audio_features,4qwhCmldDsp1cKbDX44SHz,spotify:track:4qwhCmldDsp1cKbDX44SHz,https://api.spotify.com/v1/tracks/4qwhCmldDsp1cKbDX44SHz,https://api.spotify.com/v1/audio-analysis/4qwhCmldDsp1cKbDX44SHz,146625,4,
0.419,0.0842,6,-17.542,1,0.0341,0.957,0,0.285,0.246,88.278,audio_features,2BAsBkA10fTRZhF5iMs0Dh,spotify:track:2BAsBkA10fTRZhF5iMs0Dh,https://api.spotify.com/v1/tracks/2BAsBkA10fTRZhF5iMs0Dh,https://api.spotify.com/v1/audio-analysis/2BAsBkA10fTRZhF5iMs0Dh,157683,4,
0.639,0.526,0,-6.697,1,0.0256,0.245,0,0.25,0.488,130.033,audio_features,2IVsRhKrx8hlQBOWy4qebo,spotify:track:2IVsRhKrx8hlQBOWy4qebo,https://api.spotify.com/v1/tracks/2IVsRhKrx8hlQBOWy4qebo,https://api.spotify.com/v1/audio-analysis/2IVsRhKrx8hlQBOWy4qebo,216880,3,
0.542,0.732,9,-5.956,1,0.0521,0.00209,0,0.496,0.489,124.912,audio_features,7FdUvDkaE24o3FPIWTvzv2,spotify:track:7FdUvDkaE24o3FPIWTvzv2,https://api.spotify.com/v1/tracks/7FdUvDkaE24o3FPIWTvzv2,https://api.spotify.com/v1/audio-analysis/7FdUvDkaE24o3FPIWTvzv2,175644,4,
0.747,0.716,11,-2.457,0,0.075,0.135,0,0.251,0.751,125.008,audio_features,2EBCVPNAG46nbgs6jXPGvv,spotify:track:2EBCVPNAG46nbgs6jXPGvv,https://api.spotify.com/v1/tracks/2EBCVPNAG46nbgs6jXPGvv,https://api.spotify.com/v1/audio-analysis/2EBCVPNAG46nbgs6jXPGvv,210627,4,
0.397,0.159,2,-18.029,0,0.0964,0.983,0,0.1,0.188,183.022,audio_features,1GenCekPteCHDwhCY1zuhZ,spotify:track:1GenCekPteCHDwhCY1zuhZ,https://api.spotify.com/v1/tracks/1GenCekPteCHDwhCY1zuhZ,https://api.spotify.com/v1/audio-analysis/1GenCekPteCHDwhCY1zuhZ,124761,3,
0.687,0.792,5,-2.749,1,0.0452,0.191,0,0.167,0.671,100.015,audio_features,2dpaYNEQHiRxtZbfNsse99,spotify:track:2dpaYNEQHiRxtZbfNsse99,https://api.spotify.com/v1/tracks/2dpaYNEQHiRxtZbfNsse99,https://api.spotify.com/v1/audio-analysis/2dpaYNEQHiRxtZbfNsse99,214290,4,
0.42,0.929,7,-3.899,0,0.121,0.000353,0,0.122,0.3,127.204,audio_features,5V3mdRI2yQxbSsJGDPc5lD,spotify:track:5V3mdRI2yQxbSsJGDPc5lD,https://api.spotify.com/v1/tracks/5V3mdRI2yQxbSsJGDPc5lD,https://api.spotify.com/v1/audio-analysis/5V3mdRI2yQxbSsJGDPc5lD,210240,4,
0.543,0.87,9,-6.514,1,0.0428,0.358,0,0.792,0.754,100.804,audio_features,0GjEhVFGZW8afUYGChu3Rr,spotify:track:0GjEhVFGZW8afUYGChu3Rr,https://api.spotify.com/v1/tracks/0GjEhVFGZW8afUYGChu3Rr,https://api.spotify.com/v1/audio-analysis/0GjEhVFGZW8afUYGChu3Rr,230400,4,
0.471,0.0778,6,-25.724,1,0.0352,0.984,0,0.0976,0.447,71.409,audio_features,7rIN1EjL0P78qaM46slfD7,spotify:track:7rIN1EjL0P78qaM46slfD7,https://api.spotify.com/v1/tracks/7rIN1EjL0P78qaM46slfD7,https://api.spotify.com/v1/audio-analysis/7rIN1EjL0P78qaM46slfD7,115405,3,
0.449,0.585,5,-6.761,1,0.0268,0.0509,0,0.0833,0.212,139.631,audio_features,6nek1Nin9q48AVZcWs9e9D,spotify:track:6nek1Nin9q48AVZcWs9e9D,https://api.spotify.com/v1/tracks/6nek1Nin9q48AVZcWs9e9D,https://api.spotify.com/v1/audio-analysis/6nek1Nin9q48AVZcWs9e9D,278719,4,
0.736,0.704,3,-7.409,0,0.0615,0.0203,0,0.0501,0.894,149.995,audio_features,27NovPIUIRrOZoCHxABJwK,spotify:track:27NovPIUIRrOZoCHxABJwK,https://api.spotify.com/v1/tracks/27NovPIUIRrOZoCHxABJwK,https://api.spotify.com/v1/audio-analysis/27NovPIUIRrOZoCHxABJwK,212000,4,
0.736,0.964,1,-2.291,1,0.294,0.00785,0,0.131,0.372,100.019,audio_features,50gPjAfjdq6BjEz937C3hm,spotify:track:50gPjAfjdq6BjEz937C3hm,https://api.spotify.com/v1/tracks/50gPjAfjdq6BjEz937C3hm,https://api.spotify.com/v1/audio-analysis/50gPjAfjdq6BjEz937C3hm,196895,4,
0.505,0.397,5,-9.349,1,0.324,0.716,0,0.0853,0.558,95.063,audio_features,3eze1OsZ1rqeXkKStNfTmi,spotify:track:3eze1OsZ1rqeXkKStNfTmi,https://api.spotify.com/v1/tracks/3eze1OsZ1rqeXkKStNfTmi,https://api.spotify.com/v1/audio-analysis/3eze1OsZ1rqeXkKStNfTmi,219683,1,
0.481,0.487,5,-14.016,1,0.0393,0.407,0,0.308,0.311,73.093,audio_features,5S2e7gDXQFMnnXoth2zrOo,spotify:track:5S2e7gDXQFMnnXoth2zrOo,https://api.spotify.com/v1/tracks/5S2e7gDXQFMnnXoth2zrOo,https://api.spotify.com/v1/audio-analysis/5S2e7gDXQFMnnXoth2zrOo,321758,4,
0.614,0.66,0,-2.848,1,0.0441,0.19,0,0.211,0.452,145.01,audio_features,2C6WXnmZ66tHhHlnvwePiK,spotify:track:2C6WXnmZ66tHhHlnvwePiK,https://api.spotify.com/v1/tracks/2C6WXnmZ66tHhHlnvwePiK,https://api.spotify.com/v1/audio-analysis/2C6WXnmZ66tHhHlnvwePiK,245267,4,
0.657,0.614,0,-7.829,0,0.055,0.0625,0,0.397,0.723,113.009,audio_features,11xOwUHV7P1q7UpEQuMIrx,spotify:track:11xOwUHV7P1q7UpEQuMIrx,https://api.spotify.com/v1/tracks/11xOwUHV7P1q7UpEQuMIrx,https://api.spotify.com/v1/audio-analysis/11xOwUHV7P1q7UpEQuMIrx,176283,4,
0.399,0.491,6,-10.778,0,0.0538,0.0563,0,0.11,0.151,91.066,audio_features,6AGOKlMZWLCaEJGnaROtF9,spotify:track:6AGOKlMZWLCaEJGnaROtF9,https://api.spotify.com/v1/tracks/6AGOKlMZWLCaEJGnaROtF9,https://api.spotify.com/v1/audio-analysis/6AGOKlMZWLCaEJGnaROtF9,210463,4,
0.785,0.431,10,-8.756,0,0.0364,0.123,0,0.0887,0.236,127.085,audio_features,26XaOsDMbl0e1cVKYfkz6w,spotify:track:26XaOsDMbl0e1cVKYfkz6w,https://api.spotify.com/v1/tracks/26XaOsDMbl0e1cVKYfkz6w,https://api.spotify.com/v1/audio-analysis/26XaOsDMbl0e1cVKYfkz6w,159382,4,
0.541,0.96,0,-2.947,0,0.0505,0.0663,0,0.344,0.812,122.803,audio_features,0rmGAIH9LNJewFw7nKzZnc,spotify:track:0rmGAIH9LNJewFw7nKzZnc,https://api.spotify.com/v1/tracks/0rmGAIH9LNJewFw7nKzZnc,https://api.spotify.com/v1/audio-analysis/0rmGAIH9LNJewFw7nKzZnc,222707,4,
0.764,0.705,3,-5.279,0,0.0278,0.0371,0,0.0943,0.672,101.003,audio_features,0y60itmpH0aPKsFiGxmtnh,spotify:track:0y60itmpH0aPKsFiGxmtnh,https://api.spotify.com/v1/tracks/0y60itmpH0aPKsFiGxmtnh,https://api.spotify.com/v1/audio-analysis/0y60itmpH0aPKsFiGxmtnh,196520,4,
0.508,0.471,0,-10.718,0,0.0385,0.783,0,0.25,0.117,81.995,audio_features,4NU4ZK3ncM05KPUc8JSuQ5,spotify:track:4NU4ZK3ncM05KPUc8JSuQ5,https://api.spotify.com/v1/tracks/4NU4ZK3ncM05KPUc8JSuQ5,https://api.spotify.com/v1/audio-analysis/4NU4ZK3ncM05KPUc8JSuQ5,131715,4,
0.44,0.778,1,-1.786,0,0.0327,0.0265,0,0.151,0.304,148.038,audio_features,7oWbeO9v3Cfs900q7JhLAs,spotify:track:7oWbeO9v3Cfs900q7JhLAs,https://api.spotify.com/v1/tracks/7oWbeO9v3Cfs900q7JhLAs,https://api.spotify.com/v1/audio-analysis/7oWbeO9v3Cfs900q7JhLAs,229347,4,
0.743,0.836,2,-6.465,1,0.116,0.0804,0,0.384,0.82,113.375,audio_features,39shmbIHICJ2Wxnk1fPSdz,spotify:track:39shmbIHICJ2Wxnk1fPSdz,https://api.spotify.com/v1/tracks/39shmbIHICJ2Wxnk1fPSdz,https://api.spotify.com/v1/audio-analysis/39shmbIHICJ2Wxnk1fPSdz,188987,4,
0.733,0.897,0,-3.652,1,0.0389,0.0391,0,0.117,0.649,96.006,audio_features,0mlAOSILGRys2IbvyOT5VJ,spotify:track:0mlAOSILGRys2IbvyOT5VJ,https://api.spotify.com/v1/tracks/0mlAOSILGRys2IbvyOT5VJ,https://api.spotify.com/v1/audio-analysis/0mlAOSILGRys2IbvyOT5VJ,173800,4,
0.358,0.0667,2,-25.465,1,0.056,0.951,0,0.0745,0.126,138.005,audio_features,7ps4C1VKLR5zCt49eM2TzA,spotify:track:7ps4C1VKLR5zCt49eM2TzA,https://api.spotify.com/v1/tracks/7ps4C1VKLR5zCt49eM2TzA,https://api.spotify.com/v1/audio-analysis/7ps4C1VKLR5zCt49eM2TzA,242548,4,
0.671,0.673,11,-6.941,0,0.0444,0.148,0,0.304,0.494,121.963,audio_features,1SOClUWhOi8vHZYMz3GluK,spotify:track:1SOClUWhOi8vHZYMz3GluK,https://api.spotify.com/v1/tracks/1SOClUWhOi8vHZYMz3GluK,https://api.spotify.com/v1/audio-analysis/1SOClUWhOi8vHZYMz3GluK,237720,4,
0.818,0.705,6,-6.679,1,0.177,0.00836,0,0.613,0.772,138.559,audio_features,0d28khcov6AiegSCpG5TuT,spotify:track:0d28khcov6AiegSCpG5TuT,https://api.spotify.com/v1/tracks/0d28khcov6AiegSCpG5TuT,https://api.spotify.com/v1/audio-analysis/0d28khcov6AiegSCpG5TuT,222640,4,
0.682,0.673,5,-6.105,0,0.118,0.33,0,0.196,0.489,143.014,audio_features,101xoJ62xSk9hmcYri8gtH,spotify:track:101xoJ62xSk9hmcYri8gtH,https://api.spotify.com/v1/tracks/101xoJ62xSk9hmcYri8gtH,https://api.spotify.com/v1/audio-analysis/101xoJ62xSk9hmcYri8gtH,168671,4,
0.675,0.175,6,-13.281,1,0.0596,0.891,0,0.11,0.387,69.027,audio_features,1OL3yrDYTbOXeuRhiYWlKi,spotify:track:1OL3yrDYTbOXeuRhiYWlKi,https://api.spotify.com/v1/tracks/1OL3yrDYTbOXeuRhiYWlKi,https://api.spotify.com/v1/audio-analysis/1OL3yrDYTbOXeuRhiYWlKi,125652,4,
0.758,0.732,5,-5.511,0,0.051,0.489,0,0.13,0.924,90.038,audio_features,3oqC4Ta40ft6NnTJwcUTdi,spotify:track:3oqC4Ta40ft6NnTJwcUTdi,https://api.spotify.com/v1/tracks/3oqC4Ta40ft6NnTJwcUTdi,https://api.spotify.com/v1/audio-analysis/3oqC4Ta40ft6NnTJwcUTdi,185333,4,
0.736,0.964,1,-2.291,1,0.294,0.00785,0,0.131,0.372,100.019,audio_features,50gPjAfjdq6BjEz937C3hm,spotify:track:50gPjAfjdq6BjEz937C3hm,https://api.spotify.com/v1/tracks/50gPjAfjdq6BjEz937C3hm,https://api.spotify.com/v1/audio-analysis/50gPjAfjdq6BjEz937C3hm,196895,4,
0.679,0.715,9,-6.383,1,0.0407,0.0755,0,0.271,0.571,127.435,audio_features,6fNhZRFEkBfgW39W3wKARJ,spotify:track:6fNhZRFEkBfgW39W3wKARJ,https://api.spotify.com/v1/tracks/6fNhZRFEkBfgW39W3wKARJ,https://api.spotify.com/v1/audio-analysis/6fNhZRFEkBfgW39W3wKARJ,214148,4,
0.508,0.471,0,-10.718,0,0.0385,0.783,0,0.25,0.117,81.995,audio_features,4NU4ZK3ncM05KPUc8JSuQ5,spotify:track:4NU4ZK3ncM05KPUc8JSuQ5,https://api.spotify.com/v1/tracks/4NU4ZK3ncM05KPUc8JSuQ5,https://api.spotify.com/v1/audio-analysis/4NU4ZK3ncM05KPUc8JSuQ5,131715,4,
0.687,0.792,5,-2.749,1,0.0452,0.191,0,0.167,0.671,100.015,audio_features,2dpaYNEQHiRxtZbfNsse99,spotify:track:2dpaYNEQHiRxtZbfNsse99,https://api.spotify.com/v1/tracks/2dpaYNEQHiRxtZbfNsse99,https://api.spotify.com/v1/audio-analysis/2dpaYNEQHiRxtZbfNsse99,214290,4,
